first_name,last_name,phone,email,balance
Frederico,Maddaford,196-773-4298,fmaddaford0@nba.com,2095.59
Ricki,Andreolli,963-867-9244,randreolli1@spotify.com,1413.77
Earle,Wray,579-933-7791,ewray2@imageshack.us,4653.56
Jobey,Combes,782-174-5226,jcombes3@mtv.com,3638.8
Nannie,Ateridge,799-410-4839,nateridge4@surveymonkey.com,4728.28
Bethina,Charlwood,501-241-1703,bcharlwood5@cloudflare.com,2750.35
Aharon,Willison,315-264-1516,awillison6@weibo.com,4507.62
Charmaine,Stuck,137-458-0778,cstuck7@nba.com,3166.75
Garrett,Trelease,153-101-6445,gtrelease8@sourceforge.net,3792.95
Orton,Zannotti,270-926-3890,ozannotti9@archive.org,2648.42
Martyn,Giovanitti,752-343-5426,mgiovanittia@shareasale.com,2746.45
Vlad,Worsam,382-169-8883,vworsamb@edublogs.org,1454.69
Dollie,Hinchon,520-150-3441,dhinchonc@yolasite.com,4012.7
Arlena,Calender,673-327-1005,acalenderd@fotki.com,4024.04
Duncan,Dawidsohn,719-935-0726,ddawidsohne@nba.com,1536.3
Maighdiln,Rallings,696-955-4790,mrallingsf@mtv.com,3209.98
Sascha,Devenny,213-179-6768,sdevennyg@admin.ch,3977.83
Herc,Marnane,848-130-4524,hmarnaneh@mit.edu,3187.93
Averell,Barkus,466-544-5076,abarkusi@devhub.com,3205.68
Deloris,Newarte,361-346-9362,dnewartej@nba.com,4665.54
Frederica,Seabert,787-153-1620,fseabertk@fema.gov,4949.84
Nichole,Mawditt,526-753-6650,nmawdittl@feedburner.com,2746.54
Rachele,Ciabatteri,575-323-2949,rciabatterim@yale.edu,3681.08
Ingar,Moulding,332-460-0827,imouldingn@mlb.com,2541.98
Helene,Largen,620-731-9675,hlargeno@cbslocal.com,1859.93
Cornelle,Aspenlon,724-883-3254,caspenlonp@cisco.com,1760.25
Dalila,Clayal,115-635-3860,dclayalq@craigslist.org,4632.02
Melicent,Putterill,979-986-3720,mputterillr@yolasite.com,1365.84
Trstram,Langton,265-137-4961,tlangtons@netscape.com,4586.51
Raynell,De Mars,675-580-5738,rdemarst@nasa.gov,3340.73
Cletis,Bawcock,276-574-3338,cbawcocku@archive.org,3442.3
Teodoor,Matterface,128-443-5998,tmatterfacev@blogtalkradio.com,1059.29
Amalia,Oliver-Paull,187-868-3351,aoliverpaullw@reverbnation.com,3459.47
Rubi,Kinglake,516-939-4071,rkinglakex@ucsd.edu,1585.21
Gavan,Lossman,871-724-5088,glossmany@youku.com,1661.14
Vivyan,Hawkins,930-276-8787,vhawkinsz@nyu.edu,2345.06
Harriett,Worsfield,143-790-7630,hworsfield10@illinois.edu,1304.74
Letta,Quan,925-914-5622,lquan11@illinois.edu,4360.26
Philly,Mitchley,592-982-4380,pmitchley12@amazon.co.jp,3230.48
Shawn,Stading,947-836-4075,sstading13@fema.gov,3364.89
Allyn,Conechie,592-668-3649,aconechie14@ucoz.com,3271.23
Husein,Kobierski,314-692-5811,hkobierski15@amazonaws.com,4039.14
Laurel,Pottery,212-464-1329,lpottery16@bigcartel.com,4707.49
Ethyl,Chartman,878-874-6906,echartman17@ox.ac.uk,1107.28
Gaultiero,Altree,744-812-3452,galtree18@4shared.com,4921.9
Moishe,Olivetta,558-495-4892,molivetta19@bravesites.com,1827.46
Randie,Collaton,915-338-7063,rcollaton1a@angelfire.com,1098.55
Danyelle,O'Loughane,157-693-0470,doloughane1b@indiegogo.com,2098.63
Gauthier,Avison,996-528-9365,gavison1c@si.edu,3827.9
Briney,Baud,580-364-5215,bbaud1d@about.com,4687.27
Merralee,Fiske,217-636-5145,mfiske1e@com.com,2045.03
Luciano,Wogan,195-866-5926,lwogan1f@sciencedaily.com,2367.65
Kathryn,Jamison,843-233-5544,kjamison1g@woothemes.com,4886.56
Malissa,Bredes,827-456-2529,mbredes1h@house.gov,1024.39
Deck,Cradock,260-276-0558,dcradock1i@ow.ly,3673.3
Didi,Walkling,873-995-6665,dwalkling1j@uol.com.br,2249.42
Carmencita,Catherine,112-225-1005,ccatherine1k@histats.com,1531.41
Jedediah,Whaley,624-700-6473,jwhaley1l@google.cn,2565.84
Bail,Carme,465-942-4359,bcarme1m@irs.gov,2396.85
Ardelis,Itzkovsky,543-305-0567,aitzkovsky1n@fda.gov,4565.41
Niall,Hammarberg,603-153-6441,nhammarberg1o@elegantthemes.com,4433.18
Shandra,Penhalurick,748-508-6403,spenhalurick1p@shop-pro.jp,1907.85
Avril,Stockney,316-711-2021,astockney1q@wikia.com,4417.01
Juliane,Wiles,307-345-8913,jwiles1r@theatlantic.com,2034.95
Peyter,Huburn,794-327-8600,phuburn1s@tuttocitta.it,2405.72
Madalena,Roggieri,429-771-3130,mroggieri1t@altervista.org,2888.49
Cobbie,Kaas,774-712-0813,ckaas1u@examiner.com,4649.65
Piggy,Rosborough,189-586-8652,prosborough1v@google.com.au,4551.97
Marijn,Philliskirk,118-219-6124,mphilliskirk1w@upenn.edu,2474
Kingsly,Slisby,395-668-5113,kslisby1x@bizjournals.com,4227.22
Tadeo,Ewen,639-207-1146,tewen1y@joomla.org,1014.44
Darrick,Boise,648-953-1130,dboise1z@illinois.edu,2392.9
Mara,Smoughton,706-909-7611,msmoughton20@addtoany.com,3132.59
Aigneis,Early,417-109-3990,aearly21@yahoo.com,2309.51
Hugh,Slatcher,327-442-3979,hslatcher22@github.io,3632.18
Aleece,Topley,641-545-5361,atopley23@multiply.com,1657.73
Susan,Doohan,521-790-1134,sdoohan24@census.gov,2777.8
Michel,Gooly,358-866-8169,mgooly25@slate.com,1685.24
Nelli,Juhruke,620-824-7075,njuhruke26@a8.net,3825.35
Lenci,Briddock,697-584-5219,lbriddock27@howstuffworks.com,2951.71
Fred,Glanester,222-344-0026,fglanester28@fc2.com,3689.72
Celinka,Dahmke,708-199-0627,cdahmke29@wordpress.org,3487.54
Nicolais,Bermingham,271-858-0343,nbermingham2a@last.fm,4110.22
Kaylee,Tumayan,391-629-9916,ktumayan2b@tumblr.com,1297.92
Lev,Van Halen,304-983-4189,lvanhalen2c@samsung.com,2625.65
Giselle,Michelotti,498-944-3723,gmichelotti2d@digg.com,4751.26
Katharyn,Jeromson,462-173-2401,kjeromson2e@huffingtonpost.com,2238.83
Ricard,Ashmole,997-670-7843,rashmole2f@hexun.com,1831.71
Aleen,Tice,284-984-8946,atice2g@ucla.edu,1585.09
Erskine,Steere,478-136-2496,esteere2h@issuu.com,3809.51
Idalina,Krug,432-627-0333,ikrug2i@etsy.com,1849.3
Kristopher,Georgot,331-307-3577,kgeorgot2j@imageshack.us,2870.44
Gwenette,Rist,906-980-7497,grist2k@tripadvisor.com,2511.63
Emile,Boddis,437-877-2626,eboddis2l@yellowbook.com,2405.77
Janela,Shickle,974-220-6263,jshickle2m@xing.com,2318.14
Gino,Burkart,650-249-0438,gburkart2n@shinystat.com,1999.37
Germaine,Prayer,173-916-6786,gprayer2o@hp.com,4014.4
Maggie,Spedroni,625-826-3350,mspedroni2p@opera.com,3617.3
Wallis,Geharke,389-745-4110,wgeharke2q@scribd.com,4866.27
Jake,Peralta,437-877-2626,jperalta@b99.com,3487.54
